1P1FT7066-5AH71-1NG1+SYFE7611351103001,Verca,34565,2467741,33/23,1456787,1FT7066-5AH71-1NG1,/,E7611-3511-03-001,20.10.2022
1P1FT7066-5AH71-1NG1+SYFE7611351103001,Verca,34566,2467742,34/23,1456788,1FT7066-5AH71-1NG1,/,E7611-3511-03-001,21.10.2022
1P1FT7066-5AH71-1NG1+SYFE7611351103001,Huhu,34567,2467743,35/23,1456789,1FT7066-5AH71-1NG1,/,E7611-3511-03-001,22.10.2022
1P1FK7105-5AF71-1DH0+SYFD340812401002,Thk,24688,2467744,38/23,347887,1FK7105-5AF71-1DH0,/,D340-8124-01-002,21.10.2022
,Nevimuz,123456,6272727,12/34,139876,Jrjfnxj,J,Ndifnf,21.10.2022
,Nevimuz,123456,6272727,12/34,139876,Jrjfnxj,J,Ndifnf,21.10.2022
,Bwichwcohwco,123456,6272727,6373,139876,Jrjfnxj,Jzeu,Ndifnf,21.10.2022
,Bwichwcohwco,123456,6272727,6373,139876,Jrjfnxj,Jzeu,Ndifnf,21.10.2022
,Dhlhxlhx,Lhxlhxlh,Lhxlhxl,Lhxlhxlhx,Lhxlhxlhx,x,Lhxlhxlh,Hldlhxlhx,21.10.2022
,Dhlhxlhx,Lhxlhxlh,Lhxlhxl,Lhxlhxlhx,Lhxlhxlhx,x,Lhxlhxlh,Hldlhxlhx,21.10.2022
,Dhlhxlhx,Lhxlhxlh,Lhxlhxl,Lhxlhxlhx,Lhxlhxlhx,x,Lhxlhxlh,Hldlhxlhx,21.10.2022
,,,,,,Bhb,Hhvg,,21.10.2022
,Určit u,Utcit,Zditd,Itcit ,Určit ,Vozc,Vitc,Fufo,21.10.2022
